date,users,temp,hum,windspeed,workingday,holiday
2011-01-01,985.0,14.110833333333332,80.58333333333333,10.749870833333333,0,0.0
2011-01-02,804.0,15.0675,70.625,16.499866666666666,0,0.0
2011-01-03,1353.0,8.063333333333334,43.75,17.583591666666667,1,0.0
2011-01-04,1563.0,8.0975,59.208333333333336,10.667237499999999,1,0.0
2011-01-05,1602.0,9.190833333333334,44.958333333333336,12.250670833333333,1,0.0
2011-01-06,1608.0,8.3025,52.333333333333336,5.7508333333333335,1,0.0
2011-01-07,1511.0,8.063333333333334,50.666666666666664,11.458675,1,0.0
2011-01-08,959.0,6.765000000000001,53.583333333333336,17.875879166666667,0,0.0
2011-01-09,822.0,5.671666666666667,43.416666666666664,24.250650000000004,0,0.0
2011-01-10,1321.0,6.184166666666667,48.291666666666664,14.958866666666667,1,0.0
2011-01-11,1269.0,6.901666666666667,67.5,8.584095833333334,1,0.0
2011-01-12,1164.0,6.97,62.125,19.459033333333334,1,0.0
2011-01-13,1406.0,6.765000000000001,47.041666666666664,20.167,1,0.0
2011-01-14,1422.0,6.491666666666667,53.791666666666664,8.417154166666666,1,0.0
2011-01-15,1248.0,9.566666666666666,49.875,10.5834875,0,0.0
2011-01-16,1204.0,9.498333333333333,48.375,12.625033333333334,0,0.0
2011-01-17,1000.0,7.209166666666667,53.75,12.999116666666666,0,1.0
2011-01-18,731.0,7.721666666666667,86.08333333333333,14.4175625,1,1.0
2011-01-19,1653.0,11.855833333333335,74.95833333333333,13.750633333333333,1,0.0
2011-01-20,1927.0,10.728333333333333,53.833333333333336,13.125579166666668,1,0.0
2011-01-21,1543.0,7.2775,45.708333333333336,23.667191666666668,1,0.0
2011-01-22,984.0,2.3575,40.333333333333336,11.875191666666666,0,0.0
2011-01-23,991.0,3.8266666666666667,44.416666666666664,16.208695833333334,0,0.0
2011-01-24,1417.0,3.895,49.0,10.707716666666665,1,0.0
2011-01-25,1987.0,9.054166666666667,62.0,8.959016666666667,1,0.0
2011-01-26,682.0,8.746666666666668,86.5,20.20831666666667,1,0.0
2011-01-27,847.0,8.131666666666668,84.91666666666667,18.541970833333334,1,0.0
2011-01-28,1168.0,8.336666666666668,79.125,8.208616666666666,1,0.0
2011-01-29,1101.0,7.995,65.33333333333333,9.6253875,0,0.0
2011-01-30,1099.0,8.746666666666668,72.79166666666667,4.7503,0,0.0
2011-01-31,1501.0,7.414166666666667,60.375,12.541841666666668,1,0.0
2011-02-01,1362.0,7.824166666666667,82.375,3.416720833333333,1,0.0
2011-02-02,1526.0,10.66,77.54166666666667,17.708658333333336,1,0.0
2011-02-03,1551.0,7.653333333333333,43.75,18.54225,1,0.0
2011-02-04,1709.0,8.541666666666666,58.708333333333336,8.500066666666667,1,0.0
2011-02-05,1005.0,9.566666666666666,92.91666666666667,10.792304166666668,0,0.0
2011-02-06,1623.0,11.719166666666666,56.833333333333336,9.5006,0,0.0
2011-02-07,1712.0,11.138333333333334,73.83333333333333,3.042358333333333,1,0.0
2011-02-08,1530.0,9.054166666666667,53.791666666666664,24.250650000000004,1,0.0
2011-02-09,1607.0,5.398333333333333,49.291666666666664,12.499966666666666,1,0.0
2011-02-10,1541.0,5.910833333333334,45.25,14.624983333333333,1,0.0
2011-02-11,1752.0,7.448333333333334,50.916666666666664,7.167045833333333,1,0.0
2011-02-12,1472.0,9.1225,54.416666666666664,13.625566666666666,0,0.0
2011-02-13,1591.0,12.778333333333334,46.708333333333336,17.209229166666667,0,0.0
2011-02-14,1913.0,17.015,37.583333333333336,27.999858333333336,1,0.0
2011-02-15,1818.0,10.933333333333332,31.833333333333332,20.62539166666667,1,0.0
2011-02-16,2124.0,12.846666666666666,42.416666666666664,16.417233333333332,1,0.0
2011-02-17,2475.0,17.86916666666667,50.5,15.416979166666666,1,0.0
2011-02-18,2927.0,21.388333333333332,51.666666666666664,17.749975,1,0.0
2011-02-19,1635.0,16.36583333333333,18.791666666666668,33.9999875,0,0.0
2011-02-20,1813.0,11.582500000000001,40.916666666666664,15.875091666666668,0,0.0
2011-02-21,1107.0,12.436666666666667,60.5,20.625670833333334,0,1.0
2011-02-22,1462.0,7.653333333333333,62.083333333333336,16.8329125,1,1.0
2011-02-23,1919.0,8.9175,42.625,6.5012333333333325,1,0.0
2011-02-24,1809.0,11.958333333333334,69.5,16.458829166666668,1,0.0
2011-02-25,1463.0,14.862499999999999,72.125,22.54242916666667,1,0.0
2011-02-26,1969.0,11.582500000000001,53.791666666666664,12.500245833333333,0,0.0
2011-02-27,2404.0,13.905833333333334,68.79166666666667,8.416875,0,0.0
2011-02-28,1455.0,16.434166666666666,87.83333333333333,19.2499375,1,0.0
2011-03-01,1851.0,10.933333333333332,53.5,14.500475,1,0.0
2011-03-02,2134.0,13.735,44.958333333333336,20.62483333333333,1,0.0
2011-03-03,1685.0,8.131666666666666,31.833333333333332,15.125529166666666,1,0.0
2011-03-04,1944.0,10.728333333333333,61.041666666666664,13.624170833333332,1,0.0
2011-03-05,2077.0,15.750833333333333,78.91666666666667,16.875345833333334,0,0.0
2011-03-06,608.0,15.511666666666665,94.54166666666667,23.041858333333334,0,0.0
2011-03-07,1874.0,10.625833333333334,57.0,22.834437500000003,1,0.0
2011-03-08,2133.0,11.9925,42.083333333333336,8.08355,1,0.0
2011-03-09,1891.0,12.129166666666665,77.54166666666667,14.75005,1,0.0
2011-03-10,625.0,15.784999999999998,0.0,17.500120833333334,1,0.0
2011-03-11,1979.0,12.983333333333334,66.125,15.208720833333333,1,0.0
2011-03-12,2132.0,13.495833333333332,59.458333333333336,14.791924999999999,0,0.0
2011-03-13,2450.0,15.716666666666667,53.291666666666664,17.749975000000003,0,0.0
2011-03-14,2049.0,13.222499999999998,50.333333333333336,9.166716666666668,1,0.0
2011-03-15,2059.0,12.983333333333334,65.41666666666667,12.0842875,1,0.0
2011-03-16,2195.0,14.862499999999999,78.58333333333333,13.875141666666666,1,0.0
2011-03-17,2744.0,17.015,60.291666666666664,14.041804166666667,1,0.0
2011-03-18,3244.0,21.8325,53.291666666666664,15.374825,1,0.0
2011-03-19,3117.0,19.3725,37.916666666666664,24.66716666666667,0,0.0
2011-03-20,2471.0,13.6325,47.375,13.917295833333334,0,0.0
2011-03-21,2078.0,17.493333333333332,73.625,19.459033333333334,1,0.0
2011-03-22,2703.0,18.108333333333334,62.458333333333336,15.12525,1,0.0
2011-03-23,2124.0,14.213333333333333,83.625,15.749745833333334,1,0.0
2011-03-24,1865.0,11.685,80.58333333333333,16.333762500000002,1,0.0
2011-03-25,2210.0,10.830833333333333,49.5,15.458575000000002,1,0.0
2011-03-26,2496.0,10.899166666666666,39.416666666666664,14.041245833333333,0,0.0
2011-03-27,1699.0,10.25,50.416666666666664,12.2919875,0,0.0
2011-03-28,2030.0,10.762500000000001,30.791666666666668,14.083679166666668,1,0.0
2011-03-29,2425.0,12.402500000000002,31.416666666666668,15.208720833333333,1,0.0
2011-03-30,1536.0,12.299999999999999,64.66666666666667,11.583462500000001,1,0.0
2011-03-31,1685.0,11.001666666666667,91.83333333333333,14.582270833333332,1,0.0
2011-04-01,2227.0,12.299999999999999,68.625,17.333458333333333,1,0.0
2011-04-02,2252.0,12.915,65.375,13.208770833333332,0,0.0
2011-04-03,3249.0,15.511666666666665,48.0,12.208237500000001,0,0.0
2011-04-04,3115.0,23.506666666666664,42.625,25.833245833333333,1,0.0
2011-04-05,1795.0,16.980833333333333,64.20833333333333,26.000466666666668,1,0.0
2011-04-06,2808.0,16.024166666666666,47.083333333333336,17.6251875,1,0.0
2011-04-07,3141.0,17.9375,60.291666666666664,10.8749375,1,0.0
2011-04-08,1471.0,13.769166666666665,83.625,15.208441666666667,1,0.0
2011-04-09,2455.0,14.042499999999999,87.75,8.916583333333334,0,0.0
2011-04-10,2895.0,17.493333333333332,85.75,9.833366666666667,0,0.0
2011-04-11,3357.0,24.189999999999998,72.625,21.625645833333333,1,0.0
2011-04-12,2034.0,20.602500000000003,73.91666666666667,18.416904166666665,1,0.0
2011-04-13,2162.0,16.912499999999998,81.91666666666667,16.791316666666667,1,0.0
2011-04-14,3267.0,19.1675,54.041666666666664,7.416900000000001,1,0.0
2011-04-15,3126.0,18.313333333333333,67.125,15.167125,0,1.0
2011-04-16,795.0,17.664166666666667,88.83333333333333,22.834158333333335,0,0.0
2011-04-17,3744.0,18.723333333333333,47.958333333333336,20.334220833333333,0,0.0
2011-04-18,3429.0,21.0125,54.25,10.958966666666667,1,0.0
2011-04-19,3204.0,20.739166666666666,66.58333333333333,10.584045833333333,1,0.0
2011-04-20,3944.0,24.395,61.416666666666664,16.208975,1,0.0
2011-04-21,4189.0,18.825833333333332,40.708333333333336,21.792308333333335,1,0.0
2011-04-22,1683.0,13.803333333333333,72.95833333333333,14.707895833333334,1,0.0
2011-04-23,4036.0,18.86,88.79166666666667,15.458575000000002,0,0.0
2011-04-24,4191.0,23.848333333333333,81.08333333333333,12.875725000000001,0,0.0
2011-04-25,4073.0,24.873333333333335,77.66666666666667,12.417333333333334,1,0.0
2011-04-26,4400.0,25.898333333333337,72.91666666666667,21.875500000000002,1,0.0
2011-04-27,3872.0,25.42,83.54166666666667,20.9174,1,0.0
2011-04-28,4058.0,25.3175,70.08333333333333,21.500858333333337,1,0.0
2011-04-29,4595.0,20.91,45.708333333333336,16.084187500000002,1,0.0
2011-04-30,5312.0,19.3725,50.333333333333336,15.750025,0,0.0
2011-05-01,3351.0,18.518333333333334,76.20833333333333,7.125729166666666,0,0.0
2011-05-02,4401.0,22.515833333333333,73.0,12.291429166666667,1,0.0
2011-05-03,4451.0,25.28333333333333,69.70833333333333,22.95866666666667,1,0.0
2011-05-04,2633.0,16.980833333333333,73.70833333333333,22.042720833333334,1,0.0
2011-05-05,4433.0,18.825833333333332,44.416666666666664,19.791241666666668,1,0.0
2011-05-06,4608.0,19.645833333333332,59.0,15.292470833333333,1,0.0
2011-05-07,4714.0,21.32,54.125,10.75015,0,0.0
2011-05-08,4333.0,21.661666666666665,63.166666666666664,5.0007125,0,0.0
2011-05-09,4362.0,21.8325,58.875,11.792,1,0.0
2011-05-10,4803.0,21.8325,48.916666666666664,7.749945833333334,1,0.0
2011-05-11,4182.0,22.242500000000003,63.291666666666664,8.082991666666667,1,0.0
2011-05-12,4864.0,21.935000000000002,74.75,12.707666666666666,1,0.0
2011-05-13,4105.0,21.0125,86.33333333333333,12.041575,1,0.0
2011-05-14,3409.0,21.354166666666668,92.25,9.04165,0,0.0
2011-05-15,4553.0,23.0625,86.70833333333333,10.249604166666666,0,0.0
2011-05-16,3958.0,23.6775,78.79166666666667,8.500345833333332,1,0.0
2011-05-17,4123.0,23.028333333333336,83.79166666666667,18.582729166666667,1,0.0
2011-05-18,3855.0,22.55,87.0,13.499941666666667,1,0.0
2011-05-19,4575.0,21.764166666666668,82.95833333333333,7.2502375,1,0.0
2011-05-20,4917.0,22.003333333333334,71.95833333333333,8.3758375,1,0.0
2011-05-21,5805.0,24.7025,62.666666666666664,8.08355,0,0.0
2011-05-22,4660.0,24.770833333333332,74.95833333333333,9.916558333333333,0,0.0
2011-05-23,4274.0,25.898333333333337,81.0,15.667391666666667,1,0.0
2011-05-24,4492.0,27.060000000000002,74.08333333333333,13.875141666666666,1,0.0
2011-05-25,4978.0,27.094166666666666,69.625,10.333633333333333,1,0.0
2011-05-26,4677.0,29.041666666666668,67.75,13.375991666666666,1,0.0
2011-05-27,4679.0,27.948333333333334,65.375,16.12550416666667,1,0.0
2011-05-28,4758.0,26.889166666666668,72.95833333333333,15.416141666666666,0,0.0
2011-05-29,4788.0,27.367500000000003,81.875,14.3338125,0,0.0
2011-05-30,4098.0,30.066666666666666,68.5,8.792074999999999,0,1.0
2011-05-31,3982.0,31.775000000000002,63.666666666666664,7.459054166666667,1,0.0
2011-06-01,3974.0,31.33083333333333,67.70833333333333,13.875141666666666,1,0.0
2011-06-02,4968.0,29.314999999999998,30.5,19.5832625,1,0.0
2011-06-03,5312.0,25.42,35.416666666666664,16.959095833333333,1,0.0
2011-06-04,5342.0,26.035,45.625,8.250491666666667,0,0.0
2011-06-05,4906.0,26.581666666666667,65.25,9.292341666666667,0,0.0
2011-06-06,4548.0,27.811666666666667,60.0,8.167020833333334,1,0.0
2011-06-07,4833.0,29.007500000000004,59.791666666666664,12.583158333333332,1,0.0
2011-06-08,4401.0,31.809166666666666,62.208333333333336,9.166716666666668,1,0.0
2011-06-09,3915.0,33.141666666666666,56.833333333333336,10.042183333333334,1,0.0
2011-06-10,4586.0,30.955,60.5,9.417129166666667,1,0.0
2011-06-11,4966.0,29.724999999999998,65.45833333333333,10.37495,0,0.0
2011-06-12,4460.0,28.3925,74.79166666666667,10.958966666666667,0,0.0
2011-06-13,5020.0,26.035,49.458333333333336,20.458450000000003,1,0.0
2011-06-14,4891.0,24.770833333333332,50.708333333333336,18.041983333333334,1,0.0
2011-06-15,5180.0,25.69333333333333,47.166666666666664,11.250137500000001,1,0.0
2011-06-16,3767.0,25.761666666666667,68.83333333333333,13.833545833333332,1,0.0
2011-06-17,4844.0,26.61583333333333,73.58333333333333,9.582954166666667,1,0.0
2011-06-18,5119.0,28.563333333333333,67.04166666666667,8.000358333333333,0,0.0
2011-06-19,4744.0,28.665833333333335,66.66666666666667,6.834,0,0.0
2011-06-20,4010.0,26.035,74.625,10.416825,1,0.0
2011-06-21,4835.0,27.91416666666667,77.04166666666667,11.458675,1,0.0
2011-06-22,4507.0,30.066666666666666,70.75,11.5415875,1,0.0
2011-06-23,4790.0,29.861666666666665,70.33333333333333,15.999879166666666,1,0.0
2011-06-24,4991.0,29.690833333333334,57.333333333333336,14.875675000000001,1,0.0
2011-06-25,5202.0,28.495,48.333333333333336,14.041245833333333,0,0.0
2011-06-26,5305.0,27.88,51.333333333333336,6.333733333333334,0,0.0
2011-06-27,4708.0,27.9825,65.83333333333333,7.2083625,1,0.0
2011-06-28,4648.0,30.510833333333334,63.416666666666664,9.666983333333333,1,0.0
2011-06-29,5225.0,29.861666666666668,49.791666666666664,17.541995833333335,1,0.0
2011-06-30,5515.0,28.563333333333333,43.416666666666664,12.4159375,1,0.0
2011-07-01,5362.0,29.622500000000002,39.625,6.874758333333333,1,0.0
2011-07-02,5119.0,30.271666666666665,44.458333333333336,7.7091875,0,0.0
2011-07-03,4649.0,29.383333333333336,68.25,15.333508333333333,0,0.0
2011-07-04,6043.0,29.793333333333333,63.791666666666664,5.459104166666667,0,1.0
2011-07-05,4665.0,30.613333333333333,59.041666666666664,8.459308333333334,1,0.0
2011-07-06,4629.0,29.52,74.33333333333333,10.042183333333332,1,0.0
2011-07-07,4592.0,30.75,65.125,10.666400000000001,1,0.0
2011-07-08,4040.0,29.075833333333335,75.79166666666667,15.083654166666667,1,0.0
2011-07-09,5336.0,30.066666666666666,60.916666666666664,11.250137500000001,0,0.0
2011-07-10,4881.0,30.647499999999997,57.833333333333336,12.292545833333334,0,0.0
2011-07-11,4086.0,31.2625,63.583333333333336,18.9166125,1,0.0
2011-07-12,4258.0,32.56083333333333,55.916666666666664,13.417029166666667,1,0.0
2011-07-13,4342.0,30.613333333333333,63.166666666666664,9.790933333333333,1,0.0
2011-07-14,5084.0,27.91416666666667,47.625,16.124666666666666,1,0.0
2011-07-15,5538.0,27.19666666666667,59.125,12.249833333333333,1,0.0
2011-07-16,5923.0,28.153333333333336,58.5,13.958891666666666,0,0.0
2011-07-17,5302.0,29.485833333333332,60.416666666666664,16.417233333333332,0,0.0
2011-07-18,4458.0,30.613333333333333,65.125,14.458879166666668,1,0.0
2011-07-19,4541.0,31.843333333333334,65.04166666666667,8.750200000000001,1,0.0
2011-07-20,4332.0,31.501666666666665,70.70833333333333,7.6257166666666665,1,0.0
2011-07-21,3784.0,33.415,69.125,14.875395833333334,1,0.0
2011-07-22,3387.0,34.781666666666666,58.041666666666664,8.9177,1,0.0
2011-07-23,3285.0,34.81583333333333,50.0,8.791795833333333,0,0.0
2011-07-24,3606.0,34.03,55.083333333333336,11.334445833333334,0,0.0
2011-07-25,3840.0,30.476666666666663,75.70833333333333,6.084158333333334,1,0.0
2011-07-26,4590.0,31.638333333333335,54.083333333333336,13.417308333333333,1,0.0
2011-07-27,4656.0,31.775000000000002,40.291666666666664,12.2919875,1,0.0
2011-07-28,4390.0,31.94583333333333,58.333333333333336,11.958104166666667,1,0.0
2011-07-29,3846.0,34.37166666666666,54.25,11.6672125,1,0.0
2011-07-30,4475.0,32.97083333333333,46.583333333333336,11.2920125,0,0.0
2011-07-31,4302.0,33.03916666666667,48.083333333333336,11.0424375,0,0.0
2011-08-01,4266.0,31.638333333333332,55.083333333333336,10.500016666666667,1,0.0
2011-08-02,4845.0,32.11666666666667,49.125,13.79195,1,0.0
2011-08-03,3574.0,29.998333333333335,65.75,9.084083333333334,1,0.0
2011-08-04,4576.0,29.11,75.75,13.20905,1,0.0
2011-08-05,4866.0,29.144166666666667,63.083333333333336,12.374620833333333,1,0.0
2011-08-06,4294.0,29.383333333333336,75.5,15.29275,0,0.0
2011-08-07,3785.0,30.4425,75.29166666666667,13.4996625,0,0.0
2011-08-08,4326.0,31.365,59.208333333333336,12.875725000000001,1,0.0
2011-08-09,4602.0,31.775000000000002,57.041666666666664,10.125095833333333,1,0.0
2011-08-10,4780.0,31.433333333333334,42.416666666666664,13.417308333333333,1,0.0
2011-08-11,4792.0,29.4175,42.375,11.041320833333332,1,0.0
2011-08-12,4905.0,29.041666666666668,41.5,8.416595833333334,1,0.0
2011-08-13,4150.0,28.11916666666667,72.95833333333333,14.167429166666667,0,0.0
2011-08-14,3820.0,27.743333333333336,81.75,14.916433333333332,0,0.0
2011-08-15,4338.0,27.299166666666665,71.20833333333333,13.999929166666666,1,0.0
2011-08-16,4725.0,28.734166666666667,57.833333333333336,15.834054166666668,1,0.0
2011-08-17,4694.0,29.656666666666666,57.541666666666664,9.625666666666666,1,0.0
2011-08-18,3805.0,29.17833333333333,65.45833333333333,15.624958333333334,1,0.0
2011-08-19,4153.0,28.084999999999997,72.29166666666667,9.333658333333334,1,0.0
2011-08-20,5191.0,28.5975,67.41666666666667,6.999266666666666,0,0.0
2011-08-21,3873.0,29.144166666666667,77.0,16.666529166666667,0,0.0
2011-08-22,4758.0,28.358333333333334,47.0,18.54225,1,0.0
2011-08-23,5895.0,26.27416666666667,45.541666666666664,9.8330875,1,0.0
2011-08-24,5130.0,27.60666666666667,60.5,16.958258333333333,1,0.0
2011-08-25,3542.0,28.050833333333333,77.16666666666667,14.125833333333334,1,0.0
2011-08-26,4661.0,28.700000000000003,76.125,5.625487499999999,1,0.0
2011-08-27,1211.0,27.47,86.0,32.874387500000005,0,0.0
2011-08-28,4446.0,28.1875,65.75,30.791525000000004,0,0.0
2011-08-29,4634.0,26.103333333333335,55.458333333333336,10.708275,1,0.0
2011-08-30,5204.0,26.205833333333334,54.833333333333336,8.375558333333332,1,0.0
2011-08-31,5058.0,26.923333333333332,59.791666666666664,5.583333333333333,1,0.0
2011-09-01,5115.0,26.855,63.916666666666664,9.500320833333333,1,0.0
2011-09-02,4727.0,26.376666666666665,72.70833333333333,9.375254166666666,1,0.0
2011-09-03,4484.0,27.435833333333335,71.66666666666667,12.416775,0,0.0
2011-09-04,4940.0,29.075833333333332,74.20833333333333,13.833266666666667,0,0.0
2011-09-05,3351.0,27.60666666666667,79.04166666666667,14.250620833333334,0,1.0
2011-09-06,2718.0,22.14,88.91666666666667,23.0840125,1,0.0
2011-09-07,1996.0,24.565833333333334,91.70833333333333,6.500395833333333,1,0.0
2011-09-08,1846.0,25.96666666666667,93.95833333333333,12.667745833333333,1,0.0
2011-09-09,3544.0,26.650000000000002,89.79166666666667,8.333404166666666,1,0.0
2011-09-10,5345.0,27.060000000000002,75.375,10.291758333333334,0,0.0
2011-09-11,5046.0,26.786666666666665,71.375,7.708629166666667,0,0.0
2011-09-12,4715.0,26.27416666666667,70.0,5.7089583333333325,1,0.0
2011-09-13,4763.0,26.684166666666666,71.25,9.500879166666667,1,0.0
2011-09-14,4785.0,27.60666666666667,69.70833333333333,11.2091,1,0.0
2011-09-15,3659.0,23.6775,70.91666666666667,18.166770833333334,1,0.0
2011-09-16,4760.0,19.235833333333336,59.041666666666664,11.000283333333334,1,0.0
2011-09-17,4511.0,20.158333333333335,71.83333333333333,12.708225,0,0.0
2011-09-18,4274.0,20.8075,69.5,11.958383333333332,0,0.0
2011-09-19,4539.0,22.515833333333333,69.0,10.166691666666667,1,0.0
2011-09-20,3641.0,23.028333333333336,88.125,9.041929166666668,1,0.0
2011-09-21,4352.0,24.395,90.0,6.459079166666666,1,0.0
2011-09-22,4795.0,25.761666666666667,90.20833333333333,8.584375,1,0.0
2011-09-23,2395.0,24.975833333333338,97.25,5.250566666666667,1,0.0
2011-09-24,5423.0,24.873333333333335,86.25,5.251683333333333,0,0.0
2011-09-25,5010.0,26.000833333333333,84.5,3.375404166666667,0,0.0
2011-09-26,4630.0,26.61583333333333,84.83333333333333,7.416900000000001,1,0.0
2011-09-27,4120.0,26.103333333333335,88.54166666666667,7.917445833333333,1,0.0
2011-09-28,3907.0,26.035,84.875,9.958154166666667,1,0.0
2011-09-29,4839.0,25.283333333333335,69.91666666666667,11.583183333333332,1,0.0
2011-09-30,5202.0,23.13083333333333,64.75,13.833825,1,0.0
2011-10-01,2429.0,16.81,75.375,19.583820833333334,0,0.0
2011-10-02,2918.0,14.623333333333333,79.16666666666667,14.8748375,0,0.0
2011-10-03,3570.0,15.750833333333334,76.08333333333333,5.584170833333334,1,0.0
2011-10-04,4456.0,19.850833333333334,71.0,13.792229166666667,1,0.0
2011-10-05,4826.0,22.07166666666667,64.79166666666667,11.875750000000002,1,0.0
2011-10-06,4765.0,20.260833333333334,62.083333333333336,9.041929166666666,1,0.0
2011-10-07,4985.0,20.944166666666668,68.41666666666667,1.5002416666666665,1,0.0
2011-10-08,5409.0,21.388333333333335,70.125,3.042079166666667,0,0.0
2011-10-09,5511.0,22.174166666666665,72.75,4.25115,0,0.0
2011-10-10,5117.0,23.40416666666667,73.375,2.8343791666666664,0,1.0
2011-10-11,4563.0,23.233333333333334,80.875,9.583791666666666,1,0.0
2011-10-12,2416.0,22.276666666666667,90.625,16.62605,1,0.0
2011-10-13,2913.0,24.155833333333334,89.66666666666667,9.499762500000001,1,0.0
2011-10-14,3644.0,22.584166666666665,71.625,15.000183333333334,1,0.0
2011-10-15,5217.0,20.773333333333333,48.333333333333336,17.29158333333333,0,0.0
2011-10-16,5041.0,20.978333333333335,48.666666666666664,18.875016666666667,0,0.0
2011-10-17,4570.0,21.900833333333335,57.958333333333336,11.750404166666668,1,0.0
2011-10-18,4748.0,21.8325,70.16666666666667,7.3758625,1,0.0
2011-10-19,2431.0,22.174166666666668,89.0,16.165983333333333,1,0.0
2011-10-20,4195.0,19.509166666666665,63.625,28.292424999999998,1,0.0
2011-10-21,4304.0,17.5275,57.416666666666664,14.833520833333333,1,0.0
2011-10-22,4308.0,17.3225,62.916666666666664,6.208666666666667,0,0.0
2011-10-23,4381.0,17.288333333333334,74.125,6.6673374999999995,0,0.0
2011-10-24,4187.0,18.996666666666666,77.20833333333333,7.959041666666667,1,0.0
2011-10-25,4687.0,19.338333333333335,62.291666666666664,11.166108333333334,1,0.0
2011-10-26,3894.0,19.850833333333334,72.04166666666667,9.958991666666666,1,0.0
2011-10-27,2659.0,19.27,81.29166666666667,13.2500875,1,0.0
2011-10-28,3747.0,13.564166666666667,58.583333333333336,15.375104166666667,1,0.0
2011-10-29,627.0,10.420833333333333,88.25,23.541845833333337,0,0.0
2011-10-30,3331.0,13.085833333333333,62.375,11.833316666666667,0,0.0
2011-10-31,3669.0,13.94,70.33333333333333,7.12545,1,0.0
2011-11-01,4068.0,16.434166666666666,68.375,9.083245833333333,1,0.0
2011-11-02,4186.0,15.4775,71.875,5.500141666666667,1,0.0
2011-11-03,3974.0,16.741666666666667,70.20833333333333,9.166716666666668,1,0.0
2011-11-04,4046.0,16.536666666666665,62.25,18.20920416666667,1,0.0
2011-11-05,3926.0,13.393333333333333,51.916666666666664,12.667187499999999,0,0.0
2011-11-06,3649.0,14.281666666666666,73.45833333333333,6.167629166666667,0,0.0
2011-11-07,4035.0,16.195,75.875,3.834075,1,0.0
2011-11-08,4205.0,16.741666666666667,72.16666666666667,4.6255125,1,0.0
2011-11-09,4109.0,16.400000000000002,75.83333333333333,4.167120833333334,1,0.0
2011-11-10,2933.0,15.58,81.33333333333333,12.667466666666668,1,0.0
2011-11-11,3368.0,13.290833333333333,44.625,21.083225,0,1.0
2011-11-12,4067.0,14.623333333333333,55.291666666666664,14.2081875,0,0.0
2011-11-13,3717.0,18.074166666666667,45.833333333333336,18.875295833333336,0,0.0
2011-11-14,4486.0,21.73,58.708333333333336,20.541920833333332,1,0.0
2011-11-15,4195.0,21.73,68.875,13.375433333333334,1,0.0
2011-11-16,1817.0,18.723333333333333,93.0,9.167554166666667,1,0.0
2011-11-17,3053.0,14.008333333333333,57.583333333333336,20.4592875,1,0.0
2011-11-18,3392.0,11.240833333333333,41.0,11.291733333333333,1,0.0
2011-11-19,3663.0,13.495833333333332,50.208333333333336,15.041220833333334,0,0.0
2011-11-20,3520.0,18.996666666666666,68.45833333333333,12.458649999999999,0,0.0
2011-11-21,2765.0,18.3475,91.0,9.249629166666667,1,0.0
2011-11-22,1607.0,17.083333333333332,96.25,7.959041666666667,1,0.0
2011-11-23,2566.0,18.074166666666667,75.79166666666667,22.500275000000002,1,0.0
2011-11-24,1495.0,15.306666666666667,54.916666666666664,11.209379166666666,0,1.0
2011-11-25,2792.0,15.375,64.375,6.626020833333333,1,0.0
2011-11-26,3068.0,15.409166666666666,68.16666666666667,4.584195833333333,0,0.0
2011-11-27,3071.0,18.825833333333332,69.83333333333333,13.999929166666666,0,0.0
2011-11-28,3880.0,20.56833333333333,74.41666666666667,9.958712499999999,1,0.0
2011-11-29,2914.0,18.791666666666668,83.08333333333333,17.292141666666666,1,0.0
2011-11-30,3613.0,13.325000000000001,61.333333333333336,18.167608333333334,1,0.0
2011-12-01,3727.0,12.8125,52.458333333333336,14.750608333333334,1,0.0
2011-12-02,3940.0,12.880833333333333,62.583333333333336,6.7505291666666665,1,0.0
2011-12-03,3614.0,12.265833333333333,61.291666666666664,6.417483333333333,0,0.0
2011-12-04,3485.0,13.564166666666667,77.58333333333333,5.625208333333333,0,0.0
2011-12-05,3811.0,15.819166666666666,82.70833333333333,4.167958333333334,1,0.0
2011-12-06,2594.0,18.9625,94.95833333333333,15.583083333333335,1,0.0
2011-12-07,705.0,16.81,97.04166666666667,17.833725,1,0.0
2011-12-08,3322.0,10.899166666666666,58.0,16.083908333333333,1,0.0
2011-12-09,3620.0,11.924166666666666,69.58333333333333,5.542016666666666,1,0.0
2011-12-10,3190.0,11.275,50.75,15.625795833333335,0,0.0
2011-12-11,2743.0,9.054166666666667,49.0,4.458291666666667,0,0.0
2011-12-12,3310.0,9.771666666666667,67.08333333333333,4.25115,1,0.0
2011-12-13,3523.0,11.582500000000001,59.0,9.41685,1,0.0
2011-12-14,3740.0,13.0175,66.375,4.084208333333334,1,0.0
2011-12-15,3709.0,17.3225,63.416666666666664,17.958791666666666,1,0.0
2011-12-16,3577.0,15.375,50.041666666666664,17.458525,1,0.0
2011-12-17,2739.0,10.591666666666667,56.083333333333336,16.292166666666667,0,0.0
2011-12-18,2431.0,9.771666666666667,58.625,11.375204166666668,0,0.0
2011-12-19,3403.0,11.343333333333334,63.75,11.584020833333334,1,0.0
2011-12-20,3750.0,15.819166666666666,59.541666666666664,4.1252458333333335,1,0.0
2011-12-21,2660.0,17.561666666666667,85.83333333333333,14.833800000000002,1,0.0
2011-12-22,3068.0,17.356666666666666,75.75,3.167425,1,0.0
2011-12-23,2209.0,15.306666666666667,68.625,18.374470833333334,1,0.0
2011-12-24,1011.0,12.402499999999998,54.25,12.750379166666667,0,0.0
2011-12-25,758.0,11.1725,68.29166666666667,9.958154166666667,0,0.0
2011-12-26,1324.0,13.222499999999998,50.5,16.000716666666666,0,1.0
2011-12-27,1162.0,13.325000000000001,76.25,12.62615,1,0.0
2011-12-28,2306.0,12.299999999999999,50.833333333333336,19.582983333333335,1,0.0
2011-12-29,2423.0,10.181666666666667,57.416666666666664,8.0006375,1,0.0
2011-12-30,2999.0,12.778333333333334,63.666666666666664,9.0006125,1,0.0
2011-12-31,2485.0,16.81,61.583333333333336,14.750329166666667,0,0.0
2012-01-01,2294.0,15.17,69.25,12.875166666666667,0,0.0
2012-01-02,1958.0,11.343333333333334,37.958333333333336,22.4173625,0,1.0
2012-01-03,2236.0,6.1499999999999995,44.125,24.49994583333333,1,0.0
2012-01-04,2368.0,4.4075,41.458333333333336,12.374899999999998,1,0.0
2012-01-05,3272.0,10.899166666666666,52.416666666666664,8.7091625,1,0.0
2012-01-06,4098.0,13.700833333333334,54.208333333333336,11.249858333333334,1,0.0
2012-01-07,4521.0,16.12666666666667,53.166666666666664,11.708808333333332,0,0.0
2012-01-08,3425.0,13.8375,46.5,12.833291666666668,0,0.0
2012-01-09,2376.0,9.190833333333334,70.16666666666667,6.6263000000000005,1,0.0
2012-01-10,3602.0,12.505,65.58333333333333,12.500804166666667,1,0.0
2012-01-11,2177.0,11.240833333333333,84.75,8.791795833333333,1,0.0
2012-01-12,4097.0,15.6825,80.29166666666667,12.124766666666666,1,0.0
2012-01-13,3214.0,11.240833333333335,50.75,25.333258333333333,1,0.0
2012-01-14,2493.0,7.38,45.75,12.541283333333332,0,0.0
2012-01-15,2311.0,6.833333333333333,41.916666666666664,16.834308333333336,0,0.0
2012-01-16,2298.0,7.79,52.25,15.501008333333333,0,1.0
2012-01-17,2947.0,15.135833333333332,71.75,23.125329166666663,1,0.0
2012-01-18,3376.0,12.436666666666667,44.333333333333336,27.833754166666665,1,0.0
2012-01-19,3292.0,7.79,49.75,14.750608333333334,1,0.0
2012-01-20,3163.0,8.9175,45.0,13.584249999999999,1,0.0
2012-01-21,1301.0,7.1066666666666665,83.125,14.916991666666666,0,0.0
2012-01-22,1977.0,6.6625000000000005,79.625,13.3757125,0,0.0
2012-01-23,2432.0,8.951666666666666,91.125,7.417458333333333,1,0.0
2012-01-24,4339.0,14.042499999999999,83.58333333333333,8.292366666666666,1,0.0
2012-01-25,4270.0,12.060833333333333,64.375,10.791745833333332,1,0.0
2012-01-26,4075.0,14.008333333333335,76.95833333333333,4.917520833333334,1,0.0
2012-01-27,3456.0,17.425,74.125,22.95866666666667,1,0.0
2012-01-28,4023.0,12.949166666666668,54.333333333333336,14.125554166666667,0,0.0
2012-01-29,3243.0,11.582500000000001,31.125,16.08335,0,0.0
2012-01-30,3624.0,11.035833333333334,40.083333333333336,14.458041666666666,1,0.0
2012-01-31,4509.0,15.99,41.666666666666664,17.541716666666666,1,0.0
2012-02-01,4579.0,19.235833333333336,50.791666666666664,12.667466666666668,1,0.0
2012-02-02,3761.0,16.36583333333333,67.29166666666667,12.5415625,1,0.0
2012-02-03,4151.0,12.846666666666666,52.666666666666664,11.959220833333333,1,0.0
2012-02-04,2832.0,10.830833333333333,77.95833333333333,8.167020833333334,0,0.0
2012-02-05,2947.0,10.899166666666666,68.79166666666667,11.791720833333335,0,0.0
2012-02-06,3787.0,11.479999999999999,62.75,9.875241666666666,1,0.0
2012-02-07,4375.0,14.520833333333334,49.625,9.874404166666666,1,0.0
2012-02-08,2802.0,10.523333333333333,72.29166666666667,8.959295833333334,1,0.0
2012-02-09,3830.0,10.865,56.208333333333336,13.0005125,1,0.0
2012-02-10,3831.0,11.514166666666666,54.0,7.834254166666667,1,0.0
2012-02-11,2169.0,9.190833333333334,73.125,19.416320833333334,0,0.0
2012-02-12,1529.0,5.2275,46.458333333333336,27.4172375,0,0.0
2012-02-13,3422.0,9.1225,41.125,11.207983333333333,1,0.0
2012-02-14,3922.0,13.085833333333333,50.875,9.459004166666666,1,0.0
2012-02-15,4169.0,14.281666666666666,53.125,12.167200000000001,1,0.0
2012-02-16,3005.0,12.983333333333334,75.29166666666667,6.125475000000001,1,0.0
2012-02-17,4154.0,14.076666666666668,63.458333333333336,13.791670833333335,1,0.0
2012-02-18,4318.0,14.213333333333333,53.458333333333336,12.792254166666666,0,0.0
2012-02-19,2689.0,11.479999999999999,51.583333333333336,16.958537500000002,0,0.0
2012-02-20,3137.0,11.411666666666667,52.041666666666664,15.250595833333334,0,1.0
2012-02-21,3780.0,11.719166666666666,59.458333333333336,13.208770833333334,1,0.0
2012-02-22,4773.0,16.229166666666668,56.791666666666664,15.709545833333335,1,0.0
2012-02-23,5062.0,18.620833333333334,55.458333333333336,12.7911375,1,0.0
2012-02-24,3487.0,16.7075,73.75,15.916966666666667,1,0.0
2012-02-25,2732.0,11.924166666666666,39.583333333333336,28.24999166666667,0,0.0
2012-02-26,3389.0,11.445833333333333,41.0,13.750354166666668,0,0.0
2012-02-27,4322.0,15.033333333333333,49.083333333333336,17.958233333333336,1,0.0
2012-02-28,4363.0,14.725833333333334,39.583333333333336,12.958916666666667,1,0.0
2012-02-29,1836.0,14.008333333333333,80.04166666666667,11.7509625,1,0.0
2012-03-01,4990.0,19.919166666666666,61.541666666666664,15.2081625,1,0.0
2012-03-02,3194.0,14.486666666666666,65.70833333333333,9.708579166666667,1,0.0
2012-03-03,4066.0,16.980833333333333,62.125,10.792304166666668,0,0.0
2012-03-04,3423.0,13.359166666666667,40.333333333333336,22.416245833333335,0,0.0
2012-03-05,3333.0,9.976666666666667,50.625,15.333508333333334,1,0.0
2012-03-06,3956.0,10.591666666666667,45.666666666666664,13.458625,1,0.0
2012-03-07,4916.0,16.570833333333333,51.333333333333336,23.167204166666668,1,0.0
2012-03-08,5382.0,21.6275,56.75,29.5846875,1,0.0
2012-03-09,4569.0,16.844166666666666,40.708333333333336,27.791600000000003,1,0.0
2012-03-10,4118.0,11.7875,35.041666666666664,15.125250000000001,0,0.0
2012-03-11,4972.0,14.623333333333333,47.875,14.750329166666667,0,0.0
2012-03-12,5298.0,19.133333333333333,48.916666666666664,13.916737500000002,1,0.0
2012-03-13,5847.0,23.165000000000003,61.75,15.87565,1,0.0
2012-03-14,6312.0,23.4725,50.708333333333336,7.7091875,1,0.0
2012-03-15,6192.0,22.8575,57.958333333333336,10.042183333333334,1,0.0
2012-03-16,4378.0,17.86916666666667,84.20833333333333,7.583841666666667,1,0.0
2012-03-17,7836.0,21.080833333333334,75.58333333333333,7.417179166666667,0,0.0
2012-03-18,5892.0,19.3725,81.0,8.501183333333334,0,0.0
2012-03-19,6153.0,22.345,72.875,10.875216666666667,1,0.0
2012-03-20,6093.0,22.99416666666667,80.79166666666667,8.125145833333333,1,0.0
2012-03-21,6230.0,21.798333333333332,82.125,6.000408333333334,1,0.0
2012-03-22,6871.0,22.72083333333333,83.125,7.876687499999999,1,0.0
2012-03-23,8362.0,24.668333333333333,69.41666666666667,7.7921000000000005,1,0.0
2012-03-24,3372.0,20.6025,88.54166666666667,12.916483333333334,0,0.0
2012-03-25,4996.0,17.9375,88.08333333333333,14.791924999999999,0,0.0
2012-03-26,5558.0,18.279166666666665,47.791666666666664,25.916995833333335,1,0.0
2012-03-27,5102.0,13.256666666666666,29.0,12.541841666666668,1,0.0
2012-03-28,5698.0,19.850833333333334,48.125,19.541945833333333,1,0.0
2012-03-29,6133.0,20.260833333333334,43.916666666666664,21.41655,1,0.0
2012-03-30,5459.0,15.17,58.083333333333336,9.250466666666666,1,0.0
2012-03-31,6235.0,17.390833333333333,73.83333333333333,16.791316666666667,0,0.0
2012-04-01,6041.0,17.459166666666665,67.625,11.541866666666666,0,0.0
2012-04-02,5941.0,17.800833333333333,52.25,20.416854166666667,1,0.0
2012-04-03,6772.0,19.133333333333333,39.666666666666664,6.708933333333333,1,0.0
2012-04-04,6436.0,22.208333333333332,46.958333333333336,12.125325000000002,1,0.0
2012-04-05,6457.0,17.835,37.416666666666664,14.708454166666668,1,0.0
2012-04-06,6460.0,16.536666666666665,37.708333333333336,20.1259625,1,0.0
2012-04-07,6857.0,17.9375,25.416666666666668,18.416345833333335,0,0.0
2012-04-08,5169.0,20.5,27.583333333333332,15.583920833333332,0,0.0
2012-04-09,5585.0,20.055833333333332,31.75,23.999120833333336,1,0.0
2012-04-10,5918.0,18.313333333333333,43.5,16.708125,1,0.0
2012-04-11,4864.0,14.213333333333333,47.041666666666664,19.584100000000003,1,0.0
2012-04-12,5409.0,16.2975,46.625,19.45875416666667,1,0.0
2012-04-13,6398.0,18.142500000000002,40.833333333333336,10.416545833333332,1,0.0
2012-04-14,7460.0,20.294999999999998,50.291666666666664,12.791416666666668,0,0.0
2012-04-15,7132.0,24.873333333333335,50.791666666666664,15.083654166666667,0,0.0
2012-04-16,6370.0,27.230833333333337,56.166666666666664,19.083554166666666,0,1.0
2012-04-17,6691.0,24.941666666666666,39.041666666666664,18.333154166666667,1,0.0
2012-04-18,4367.0,18.996666666666666,56.916666666666664,11.250137500000001,1,0.0
2012-04-19,6565.0,20.43166666666667,61.25,4.417254166666667,1,0.0
2012-04-20,7290.0,21.593333333333334,69.45833333333333,10.041345833333333,1,0.0
2012-04-21,6624.0,23.37,68.29166666666667,19.0003625,0,0.0
2012-04-22,1027.0,16.263333333333332,83.54166666666667,23.084570833333334,0,0.0
2012-04-23,3214.0,13.188333333333333,76.66666666666667,20.334220833333333,1,0.0
2012-04-24,5633.0,16.946666666666665,45.416666666666664,16.708683333333333,1,0.0
2012-04-25,6196.0,19.543333333333333,42.791666666666664,7.959041666666667,1,0.0
2012-04-26,5026.0,20.43166666666667,75.66666666666667,11.833874999999999,1,0.0
2012-04-27,6233.0,18.7575,40.083333333333336,23.291433333333334,1,0.0
2012-04-28,4220.0,15.443333333333333,48.958333333333336,8.708325,0,0.0
2012-04-29,6304.0,18.791666666666668,58.708333333333336,7.832858333333334,0,0.0
2012-04-30,5572.0,19.030833333333334,57.0,11.4997125,1,0.0
2012-05-01,5740.0,25.146666666666665,65.95833333333333,10.458420833333333,1,0.0
2012-05-02,6169.0,23.13083333333333,79.70833333333333,9.249908333333332,1,0.0
2012-05-03,6421.0,22.959999999999997,76.83333333333333,8.957620833333333,1,0.0
2012-05-04,6296.0,25.727500000000003,73.54166666666667,10.9168125,1,0.0
2012-05-05,6883.0,25.488333333333333,75.66666666666667,10.250441666666667,0,0.0
2012-05-06,6359.0,23.0625,74.0,10.041904166666667,0,0.0
2012-05-07,6273.0,22.037499999999998,66.41666666666667,15.458295833333333,1,0.0
2012-05-08,5728.0,23.848333333333333,68.58333333333333,19.83395416666667,1,0.0
2012-05-09,4717.0,23.575,74.41666666666667,14.4996375,1,0.0
2012-05-10,6572.0,20.739166666666666,55.208333333333336,21.0421875,1,0.0
2012-05-11,7030.0,21.866666666666664,36.041666666666664,15.874812499999999,1,0.0
2012-05-12,7429.0,23.13083333333333,48.041666666666664,8.249933333333333,0,0.0
2012-05-13,6118.0,25.1125,57.625,15.082816666666666,0,0.0
2012-05-14,2843.0,23.50666666666667,78.95833333333333,14.250341666666666,1,0.0
2012-05-15,5115.0,25.078333333333333,79.45833333333333,9.875241666666666,1,0.0
2012-05-16,7424.0,26.103333333333335,69.79166666666667,8.2083375,1,0.0
2012-05-17,7384.0,24.326666666666668,52.0,15.374825,1,0.0
2012-05-18,7639.0,23.13083333333333,52.333333333333336,9.166716666666668,1,0.0
2012-05-19,8294.0,24.599999999999998,45.625,5.6263250000000005,0,0.0
2012-05-20,7129.0,25.454166666666666,53.041666666666664,17.04256666666667,0,0.0
2012-05-21,4359.0,24.531666666666666,81.125,15.624679166666667,1,0.0
2012-05-22,6073.0,25.215,76.58333333333333,7.917166666666667,1,0.0
2012-05-23,5260.0,25.488333333333333,77.45833333333333,6.834,1,0.0
2012-05-24,6770.0,26.855,71.66666666666667,11.584020833333334,1,0.0
2012-05-25,6734.0,27.88,74.70833333333333,9.41685,1,0.0
2012-05-26,6536.0,28.3925,73.25,13.332441666666666,0,0.0
2012-05-27,6591.0,28.290000000000003,69.70833333333333,14.416445833333333,0,0.0
2012-05-28,6043.0,29.212500000000002,67.625,13.166895833333335,0,1.0
2012-05-29,5743.0,29.622500000000002,68.45833333333333,19.7918,1,0.0
2012-05-30,6855.0,26.923333333333332,67.0,9.000054166666667,1,0.0
2012-05-31,7338.0,27.88,49.291666666666664,13.083704166666665,1,0.0
2012-06-01,4127.0,26.820833333333336,75.54166666666667,15.9166875,1,0.0
2012-06-02,8120.0,23.916666666666668,54.916666666666664,12.4996875,0,0.0
2012-06-03,7641.0,24.7025,49.333333333333336,12.3338625,0,0.0
2012-06-04,6998.0,24.497500000000002,48.708333333333336,19.083833333333335,1,0.0
2012-06-05,7001.0,22.174166666666668,61.333333333333336,14.041525,1,0.0
2012-06-06,7055.0,22.72083333333333,61.125,5.167375,1,0.0
2012-06-07,7494.0,24.7025,56.708333333333336,10.54245,1,0.0
2012-06-08,7736.0,26.61583333333333,46.791666666666664,11.750683333333333,1,0.0
2012-06-09,7498.0,29.144166666666667,43.708333333333336,9.6672625,0,0.0
2012-06-10,6598.0,29.793333333333333,53.833333333333336,8.959295833333334,0,0.0
2012-06-11,6664.0,29.55416666666667,58.791666666666664,13.916737500000002,1,0.0
2012-06-12,4972.0,26.786666666666665,83.33333333333333,14.374570833333332,1,0.0
2012-06-13,7421.0,26.889166666666668,58.208333333333336,22.999704166666664,1,0.0
2012-06-14,7363.0,26.581666666666667,56.958333333333336,17.000133333333334,1,0.0
2012-06-15,7665.0,26.205833333333334,58.958333333333336,11.833316666666667,1,0.0
2012-06-16,7702.0,25.898333333333337,50.416666666666664,11.166666666666666,0,0.0
2012-06-17,6978.0,24.2925,59.875,9.708579166666667,0,0.0
2012-06-18,5099.0,23.301666666666666,77.79166666666667,11.707970833333334,1,0.0
2012-06-19,6825.0,28.221666666666668,69.0,9.917116666666667,1,0.0
2012-06-20,6211.0,32.0825,59.208333333333336,7.6254375,1,0.0
2012-06-21,5905.0,33.03916666666667,56.791666666666664,7.9587625,1,0.0
2012-06-22,5823.0,31.8775,57.375,12.250391666666667,1,0.0
2012-06-23,7458.0,29.998333333333335,53.458333333333336,12.041295833333335,0,0.0
2012-06-24,6891.0,30.47666666666667,47.916666666666664,9.750175,0,0.0
2012-06-25,6779.0,29.349166666666665,50.416666666666664,20.12568333333333,1,0.0
2012-06-26,7442.0,25.864166666666666,37.333333333333336,23.291991666666664,1,0.0
2012-06-27,7335.0,28.5975,36.0,18.208925,1,0.0
2012-06-28,6879.0,30.715833333333332,42.25,11.500549999999999,1,0.0
2012-06-29,5463.0,34.20083333333333,48.875,11.082916666666668,1,0.0
2012-06-30,5687.0,31.365,60.125,10.791745833333332,0,0.0
2012-07-01,5531.0,33.44916666666666,51.875,11.291454166666668,0,0.0
2012-07-02,6227.0,32.04833333333333,44.708333333333336,13.082866666666668,1,0.0
2012-07-03,6660.0,32.01416666666667,49.208333333333336,8.4579125,1,0.0
2012-07-04,7403.0,32.35583333333333,53.875,9.04165,0,1.0
2012-07-05,6241.0,33.9275,45.791666666666664,12.999954166666667,1,0.0
2012-07-06,6207.0,33.961666666666666,45.083333333333336,9.791491666666667,1,0.0
2012-07-07,4840.0,35.32833333333333,49.208333333333336,10.958129166666666,0,0.0
2012-07-08,4672.0,33.722500000000004,57.375,8.417154166666666,0,0.0
2012-07-09,6569.0,29.144166666666667,68.33333333333333,12.125324999999998,1,0.0
2012-07-10,6290.0,29.554166666666664,66.75,10.1664125,1,0.0
2012-07-11,7264.0,29.383333333333336,63.333333333333336,10.166133333333333,1,0.0
2012-07-12,7446.0,29.349166666666665,52.958333333333336,9.833925,1,0.0
2012-07-13,7499.0,29.998333333333335,48.583333333333336,5.41695,1,0.0
2012-07-14,6969.0,28.83666666666667,69.91666666666667,9.626504166666667,0,0.0
2012-07-15,6031.0,30.579166666666666,71.79166666666667,11.166666666666666,0,0.0
2012-07-16,6830.0,31.296666666666667,64.5,11.000562500000001,1,0.0
2012-07-17,6786.0,33.55166666666667,50.583333333333336,7.666754166666666,1,0.0
2012-07-18,5713.0,32.526666666666664,57.708333333333336,9.208591666666667,1,0.0
2012-07-19,6591.0,31.569999999999997,60.041666666666664,11.083754166666667,1,0.0
2012-07-20,5870.0,27.299166666666665,84.41666666666667,14.000766666666665,1,0.0
2012-07-21,4459.0,24.42916666666667,86.54166666666667,14.2911,0,0.0
2012-07-22,7410.0,27.367500000000003,76.25,6.292695833333333,0,0.0
2012-07-23,6966.0,30.40833333333333,69.41666666666667,9.291783333333333,1,0.0
2012-07-24,7592.0,30.784166666666664,65.5,14.167429166666667,1,0.0
2012-07-25,8173.0,29.690833333333334,45.0,11.0416,1,0.0
2012-07-26,6861.0,31.843333333333334,59.666666666666664,19.0824375,1,0.0
2012-07-27,6904.0,32.04833333333333,59.458333333333336,10.250441666666667,1,0.0
2012-07-28,6685.0,30.989166666666666,61.333333333333336,10.54245,0,0.0
2012-07-29,6597.0,29.588333333333335,62.375,11.416520833333335,0,0.0
2012-07-30,7105.0,29.964166666666667,66.875,10.292316666666666,1,0.0
2012-07-31,7216.0,29.246666666666666,70.41666666666667,11.083475,1,0.0
2012-08-01,7580.0,29.4175,67.75,9.459004166666666,1,0.0
2012-08-02,7261.0,30.852500000000003,65.95833333333333,8.666729166666666,1,0.0
2012-08-03,7175.0,31.39916666666667,64.25,14.458041666666666,1,0.0
2012-08-04,6824.0,32.526666666666664,61.333333333333336,17.249708333333334,0,0.0
2012-08-05,5464.0,31.535833333333333,65.25,19.45819583333333,0,0.0
2012-08-06,7013.0,30.852500000000003,65.41666666666667,8.666729166666666,1,0.0
2012-08-07,7273.0,30.16916666666667,70.375,7.832858333333334,1,0.0
2012-08-08,7534.0,30.75,67.29166666666667,7.416900000000001,1,0.0
2012-08-09,7286.0,30.989166666666666,62.041666666666664,10.4587,1,0.0
2012-08-10,5786.0,29.349166666666665,71.58333333333333,16.0004375,1,0.0
2012-08-11,6299.0,28.3925,73.29166666666667,13.834104166666668,0,0.0
2012-08-12,6544.0,28.734166666666667,53.041666666666664,8.2083375,0,0.0
2012-08-13,6883.0,29.554166666666664,54.541666666666664,9.1262375,1,0.0
2012-08-14,6784.0,29.793333333333333,68.66666666666667,11.333608333333332,1,0.0
2012-08-15,7347.0,28.973333333333333,61.958333333333336,11.374645833333332,1,0.0
2012-08-16,7605.0,29.485833333333332,51.916666666666664,9.500320833333333,1,0.0
2012-08-17,7148.0,29.656666666666666,57.083333333333336,15.500729166666666,1,0.0
2012-08-18,7865.0,27.811666666666667,60.333333333333336,11.917066666666665,0,0.0
2012-08-19,4549.0,26.069166666666664,71.16666666666667,5.79215,0,0.0
2012-08-20,6530.0,26.069166666666664,73.41666666666667,8.708604166666666,1,0.0
2012-08-21,7006.0,26.61583333333333,67.375,4.8756458333333335,1,0.0
2012-08-22,7375.0,27.367500000000003,67.70833333333333,4.708983333333333,1,0.0
2012-08-23,7765.0,28.52916666666667,63.583333333333336,5.6679208333333335,1,0.0
2012-08-24,7582.0,28.8025,61.5,4.833770833333333,1,0.0
2012-08-25,6053.0,27.128333333333334,71.29166666666667,16.375358333333335,0,0.0
2012-08-26,5255.0,26.786666666666665,84.58333333333333,15.333508333333334,0,0.0
2012-08-27,6917.0,28.83666666666667,73.04166666666667,8.625133333333332,1,0.0
2012-08-28,7040.0,29.861666666666665,62.0,12.791975,1,0.0
2012-08-29,7697.0,28.084999999999997,55.208333333333336,7.541687499999999,1,0.0
2012-08-30,7713.0,28.973333333333333,59.041666666666664,5.166816666666667,1,0.0
2012-08-31,7350.0,31.33083333333333,58.75,11.291733333333333,1,0.0
2012-09-01,6140.0,30.886666666666667,63.833333333333336,7.583562499999999,0,0.0
2012-09-02,5810.0,28.563333333333333,81.5,4.292745833333334,0,0.0
2012-09-03,6034.0,29.007499999999997,79.08333333333333,10.125095833333333,0,1.0
2012-09-04,6864.0,29.75916666666667,75.5,15.833495833333332,1,0.0
2012-09-05,7112.0,30.203333333333333,74.125,12.583158333333332,1,0.0
2012-09-06,6203.0,28.563333333333333,81.04166666666667,9.542195833333333,1,0.0
2012-09-07,7504.0,28.83666666666667,73.625,11.500270833333333,1,0.0
2012-09-08,5976.0,27.025833333333335,79.91666666666667,18.83397916666667,0,0.0
2012-09-09,8227.0,25.01,54.75,15.041220833333334,0,0.0
2012-09-10,7525.0,23.916666666666668,50.375,17.3337375,1,0.0
2012-09-11,7767.0,23.6775,52.0,6.167629166666667,1,0.0
2012-09-12,7870.0,24.565833333333334,57.708333333333336,8.833670833333334,1,0.0
2012-09-13,7804.0,25.1125,63.708333333333336,5.542295833333333,1,0.0
2012-09-14,8009.0,25.96666666666667,67.25,6.9587875,1,0.0
2012-09-15,8714.0,24.941666666666666,50.166666666666664,16.583895833333333,0,0.0
2012-09-16,7333.0,23.78,57.0,6.042283333333334,0,0.0
2012-09-17,6869.0,23.814166666666665,73.45833333333333,10.166691666666667,1,0.0
2012-09-18,4073.0,25.55666666666667,87.25,23.958362500000003,1,0.0
2012-09-19,7591.0,22.6525,53.666666666666664,14.416725,1,0.0
2012-09-20,7720.0,22.41333333333333,61.833333333333336,7.917166666666667,1,0.0
2012-09-21,8167.0,24.565833333333334,66.875,10.333354166666666,1,0.0
2012-09-22,8395.0,26.650000000000002,64.66666666666667,19.000083333333333,0,0.0
2012-09-23,7907.0,21.695833333333336,46.708333333333336,14.958308333333333,0,0.0
2012-09-24,7436.0,21.080833333333334,49.291666666666664,9.541079166666668,1,0.0
2012-09-25,7538.0,22.55,57.0,15.833495833333332,1,0.0
2012-09-26,7733.0,26.035,63.083333333333336,16.3748,1,0.0
2012-09-27,7393.0,26.650000000000002,69.08333333333333,9.000891666666666,1,0.0
2012-09-28,7415.0,25.385833333333334,69.0,11.000004166666665,1,0.0
2012-09-29,8555.0,22.242500000000003,54.291666666666664,15.249479166666667,0,0.0
2012-09-30,6889.0,21.593333333333334,58.333333333333336,9.042208333333333,0,0.0
2012-10-01,6778.0,21.354166666666668,64.91666666666667,6.083879166666667,1,0.0
2012-10-02,4639.0,24.224166666666665,87.16666666666667,6.999825,1,0.0
2012-10-03,7572.0,26.9575,79.375,4.458570833333334,1,0.0
2012-10-04,7328.0,26.9575,72.29166666666667,7.875570833333334,1,0.0
2012-10-05,8156.0,25.215,62.75,7.12545,1,0.0
2012-10-06,7965.0,22.72083333333333,66.41666666666667,17.957675,0,0.0
2012-10-07,3510.0,17.049166666666668,70.83333333333333,9.4578875,0,0.0
2012-10-08,5478.0,15.716666666666667,70.95833333333333,12.708504166666666,0,1.0
2012-10-09,6392.0,18.313333333333333,76.16666666666667,12.750099999999998,1,0.0
2012-10-10,7691.0,21.080833333333334,63.083333333333336,12.583995833333333,1,0.0
2012-10-11,7570.0,17.835,46.333333333333336,12.166920833333334,1,0.0
2012-10-12,7282.0,17.9375,53.916666666666664,15.751141666666667,1,0.0
2012-10-13,7109.0,16.12666666666667,49.458333333333336,9.791491666666667,0,0.0
2012-10-14,6639.0,21.388333333333335,64.04166666666667,18.6670375,0,0.0
2012-10-15,5875.0,23.028333333333336,70.75,19.8345125,1,0.0
2012-10-16,7534.0,19.201666666666664,55.833333333333336,12.208795833333333,1,0.0
2012-10-17,7461.0,18.68916666666667,69.29166666666667,6.791845833333333,1,0.0
2012-10-18,7509.0,21.4225,72.83333333333333,15.874812499999999,1,0.0
2012-10-19,5424.0,23.096666666666668,81.5,9.041929166666668,1,0.0
2012-10-20,8090.0,19.850833333333334,57.291666666666664,7.8750125,0,0.0
2012-10-21,6824.0,19.030833333333334,51.0,11.125629166666668,0,0.0
2012-10-22,7058.0,19.9875,56.833333333333336,5.459383333333334,1,0.0
2012-10-23,7466.0,22.310833333333335,64.16666666666667,6.334570833333333,1,0.0
2012-10-24,7693.0,24.087500000000002,63.625,4.876204166666667,1,0.0
2012-10-25,7359.0,22.55,80.04166666666667,8.333125,1,0.0
2012-10-26,7444.0,22.379166666666666,80.70833333333333,8.875266666666667,1,0.0
2012-10-27,7852.0,21.73,72.0,15.791341666666666,0,0.0
2012-10-28,4459.0,19.5775,69.45833333333333,26.666558333333338,0,0.0
2012-10-29,528.0,18.04,88.0,23.999399999999998,1,0.0
2012-10-30,1382.0,15.750833333333333,85.5,19.54082916666667,1,0.0
2012-10-31,5566.0,14.6575,66.66666666666667,11.166666666666666,1,0.0
2012-11-01,5986.0,14.999166666666667,58.166666666666664,10.542170833333333,1,0.0
2012-11-02,5847.0,14.555,52.208333333333336,17.833725,1,0.0
2012-11-03,5138.0,14.076666666666666,49.125,18.125454166666668,0,0.0
2012-11-04,5107.0,13.359166666666667,53.291666666666664,12.000258333333333,0,0.0
2012-11-05,5259.0,13.085833333333333,49.416666666666664,15.833775000000001,1,0.0
2012-11-06,5686.0,11.514166666666666,56.708333333333336,11.6253375,1,0.0
2012-11-07,5035.0,12.129166666666668,54.75,20.375258333333335,1,0.0
2012-11-08,5321.0,14.350000000000001,34.0,22.958945833333335,1,0.0
2012-11-09,5992.0,14.828333333333333,54.083333333333336,14.375408333333333,1,0.0
2012-11-10,6536.0,15.955833333333333,64.54166666666667,3.875670833333333,0,0.0
2012-11-11,6852.0,17.254166666666666,65.91666666666667,8.5425,0,0.0
2012-11-12,6269.0,19.885,74.16666666666667,11.625616666666666,0,1.0
2012-11-13,4094.0,14.076666666666666,66.29166666666667,22.917070833333337,1,0.0
2012-11-14,5495.0,11.855833333333335,55.208333333333336,13.374875000000001,1,0.0
2012-11-15,5445.0,13.188333333333333,62.041666666666664,10.2501625,1,0.0
2012-11-16,5698.0,14.145000000000001,52.458333333333336,11.458675,1,0.0
2012-11-17,5629.0,13.325000000000001,54.541666666666664,12.041854166666667,0,0.0
2012-11-18,4669.0,14.042500000000002,69.29166666666667,15.2500375,0,0.0
2012-11-19,5499.0,15.614166666666668,62.333333333333336,15.749466666666665,1,0.0
2012-11-20,5634.0,15.340833333333334,68.5,5.542575,1,0.0
2012-11-21,5146.0,14.486666666666666,61.375,6.917470833333333,1,0.0
2012-11-22,2425.0,13.94,58.041666666666664,3.5423458333333335,0,1.0
2012-11-23,3910.0,15.101666666666667,56.875,9.917395833333332,1,0.0
2012-11-24,2277.0,11.411666666666667,40.458333333333336,25.250345833333338,0,0.0
2012-11-25,2424.0,10.079166666666667,46.833333333333336,10.083499999999999,0,0.0
2012-11-26,5087.0,12.846666666666666,53.541666666666664,3.12555,1,0.0
2012-11-27,3959.0,11.958333333333334,78.66666666666667,15.9166875,1,0.0
2012-11-28,5260.0,12.163333333333334,50.625,14.124995833333335,1,0.0
2012-11-29,5330.0,11.411666666666667,55.916666666666664,7.417458333333333,1,0.0
2012-11-30,5668.0,12.231666666666667,64.95833333333333,3.9175458333333335,1,0.0
2012-12-01,5191.0,12.231666666666667,80.66666666666667,4.000179166666666,0,0.0
2012-12-02,4649.0,14.2475,82.33333333333333,8.333404166666666,0,0.0
2012-12-03,6234.0,18.5525,76.75,5.542295833333333,1,0.0
2012-12-04,6606.0,19.50916666666667,73.375,11.666654166666667,1,0.0
2012-12-05,5729.0,17.971666666666668,48.5,21.709395833333335,1,0.0
2012-12-06,5375.0,10.489166666666668,50.875,11.708529166666667,1,0.0
2012-12-07,5008.0,13.154166666666667,76.41666666666667,8.7502,1,0.0
2012-12-08,5582.0,15.648333333333333,91.125,6.792404166666667,0,0.0
2012-12-09,3228.0,15.750833333333334,90.54166666666667,10.584325,0,0.0
2012-12-10,5170.0,17.86916666666667,92.5,12.750658333333334,1,0.0
2012-12-11,5501.0,14.486666666666666,59.666666666666664,19.8345125,1,0.0
2012-12-12,5319.0,12.1975,53.833333333333336,10.9168125,1,0.0
2012-12-13,5532.0,12.129166666666668,48.583333333333336,11.666654166666667,1,0.0
2012-12-14,5611.0,11.548333333333334,64.29166666666667,8.792354166666668,1,0.0
2012-12-15,5047.0,13.290833333333333,65.04166666666667,7.12545,0,0.0
2012-12-16,3786.0,14.862499999999999,83.875,6.749691666666667,0,0.0
2012-12-17,4585.0,16.12666666666667,90.70833333333333,6.583308333333334,1,0.0
2012-12-18,5557.0,16.844166666666666,66.625,14.834079166666667,1,0.0
2012-12-19,5267.0,13.6325,62.541666666666664,12.334141666666667,1,0.0
2012-12-20,4128.0,13.530000000000001,66.79166666666667,8.8749875,1,0.0
2012-12-21,3623.0,13.393333333333333,55.666666666666664,25.083683333333337,1,0.0
2012-12-22,1749.0,10.899166666666666,44.125,27.292170833333333,0,0.0
2012-12-23,1787.0,10.079166666666667,51.541666666666664,8.916583333333334,0,0.0
2012-12-24,923.0,9.43,78.95833333333333,4.9588375000000005,1,0.0
2012-12-25,1020.0,11.89,74.04166666666667,11.292012499999998,0,1.0
2012-12-26,441.0,9.976666666666667,82.33333333333333,21.208570833333333,1,0.0
2012-12-27,2114.0,10.420833333333333,65.29166666666667,23.458933333333334,1,0.0
2012-12-28,3095.0,10.386666666666667,59.0,10.416545833333332,1,0.0
2012-12-29,1341.0,10.386666666666667,75.29166666666667,8.333683333333333,0,0.0
2012-12-30,1796.0,10.489166666666668,48.333333333333336,23.500529166666666,0,0.0
2012-12-31,2729.0,8.849166666666667,57.75,10.374670833333333,1,0.0
